{
  "feature_names": [
    "pd",
    "sz",
    "fq",
    "sd",
    "p2",
    "id",
    "i2",
    "ie",
    "time_since_last_access_at_eviction"
  ],
  "n_features": 9,
  "weight_scale": 10000,
  "features": [
    {
      "index": 0,
      "name": "pd",
      "n_bins": 10,
      "bin_edges": [
        15843013,
        16333412,
        16796277,
        17266560,
        17803380,
        18313396,
        19001486,
        19925543,
        21210192
      ],
      "weights_float": [
        0.6208430528640747,
        0.38449525833129883,
        0.20892778038978577,
        0.20748260617256165,
        0.17389455437660217,
        0.1476333886384964,
        0.17741872370243073,
        0.062432143837213516,
        -0.16835883259773254,
        -1.6116957664489746
      ],
      "weights_int": [
        6208,
        3844,
        2089,
        2074,
        1738,
        1476,
        1774,
        624,
        -1683,
        -16116
      ]
    },
    {
      "index": 1,
      "name": "sz",
      "n_bins": 10,
      "bin_edges": [
        7166,
        10997,
        14412,
        17625,
        20483,
        24817,
        29155,
        35109,
        46801
      ],
      "weights_float": [
        2.751207113265991,
        2.029707908630371,
        1.3613641262054443,
        0.9027954339981079,
        0.47281429171562195,
        -0.08686570823192596,
        -0.6027436256408691,
        -1.0381900072097778,
        -1.7287437915802002,
        -2.9902684688568115
      ],
      "weights_int": [
        27512,
        20297,
        13613,
        9027,
        4728,
        -868,
        -6027,
        -10381,
        -17287,
        -29902
      ]
    },
    {
      "index": 2,
      "name": "fq",
      "n_bins": 10,
      "bin_edges": [
        3952,
        5852,
        6833,
        9587,
        11438,
        14112,
        16720,
        19307,
        23323
      ],
      "weights_float": [
        -0.7609701156616211,
        0.6509469151496887,
        0.19911400973796844,
        -0.08864080160856247,
        0.08839414268732071,
        -0.012148967944085598,
        0.061284467577934265,
        0.0003635696484707296,
        -0.013337993063032627,
        -0.01909262128174305
      ],
      "weights_int": [
        -7609,
        6509,
        1991,
        -886,
        883,
        -121,
        612,
        3,
        -133,
        -190
      ]
    },
    {
      "index": 3,
      "name": "sd",
      "n_bins": 3,
      "bin_edges": [
        1,
        3
      ],
      "weights_float": [
        1.2406038045883179,
        0.024688802659511566,
        -0.17954209446907043
      ],
      "weights_int": [
        12406,
        246,
        -1795
      ]
    },
    {
      "index": 4,
      "name": "p2",
      "n_bins": 10,
      "bin_edges": [
        32903013,
        33847154,
        34487348,
        35537949,
        36541082,
        37589875,
        38894417,
        39947673,
        41975914
      ],
      "weights_float": [
        0.281994491815567,
        0.2637203633785248,
        0.18769918382167816,
        0.14126724004745483,
        0.1919066607952118,
        0.12507842481136322,
        0.10748591274023056,
        0.09224452823400497,
        -0.1271691620349884,
        -1.0856196880340576
      ],
      "weights_int": [
        2819,
        2637,
        1876,
        1412,
        1919,
        1250,
        1074,
        922,
        -1271,
        -10856
      ]
    },
    {
      "index": 5,
      "name": "id",
      "n_bins": 10,
      "bin_edges": [
        1092,
        1222,
        1333,
        1443,
        1583,
        1823,
        2514,
        15963219,
        18073392
      ],
      "weights_float": [
        -0.2763073742389679,
        -0.0373840257525444,
        -0.08926504105329514,
        -0.10162144899368286,
        -0.0985923781991005,
        -0.05855140835046768,
        -0.015193404629826546,
        0.0193304643034935,
        0.10856161266565323,
        0.16550365090370178
      ],
      "weights_int": [
        -2763,
        -373,
        -892,
        -1016,
        -985,
        -585,
        -151,
        193,
        1085,
        1655
      ]
    },
    {
      "index": 6,
      "name": "i2",
      "n_bins": 10,
      "bin_edges": [
        2334,
        2595,
        2855,
        3296,
        4959,
        15680490,
        16851094,
        18113989,
        20106382
      ],
      "weights_float": [
        -0.28685861825942993,
        -0.03402664139866829,
        -0.008739251643419266,
        -0.03410562500357628,
        -0.05475899577140808,
        0.15482640266418457,
        0.11683549731969833,
        0.08375874161720276,
        0.11615636944770813,
        0.366781622171402
      ],
      "weights_int": [
        -2868,
        -340,
        -87,
        -341,
        -547,
        1548,
        1168,
        837,
        1161,
        3667
      ]
    },
    {
      "index": 7,
      "name": "ie",
      "n_bins": 10,
      "bin_edges": [
        20561,
        32624,
        45219,
        58857,
        74756,
        93806,
        116694,
        148092,
        202148
      ],
      "weights_float": [
        -4.6621527671813965,
        -2.7575418949127197,
        -1.563551425933838,
        -0.769947350025177,
        -0.04153041914105415,
        0.5691744685173035,
        1.2104943990707397,
        1.9135502576828003,
        2.7669687271118164,
        4.166919231414795
      ],
      "weights_int": [
        -46621,
        -27575,
        -15635,
        -7699,
        -415,
        5691,
        12104,
        19135,
        27669,
        41669
      ]
    },
    {
      "index": 8,
      "name": "time_since_last_access_at_eviction",
      "n_bins": 10,
      "bin_edges": [
        1931499,
        3813775,
        5710488,
        7587363,
        9451919,
        11301229,
        13142059,
        14975406,
        17035771
      ],
      "weights_float": [
        -10.17871379852295,
        -7.134211540222168,
        -4.686446666717529,
        -2.614760637283325,
        -0.6064625382423401,
        1.3226686716079712,
        3.305245876312256,
        5.260743141174316,
        7.251662731170654,
        8.675402641296387
      ],
      "weights_int": [
        -101787,
        -71342,
        -46864,
        -26147,
        -6064,
        13226,
        33052,
        52607,
        72516,
        86754
      ]
    }
  ]
}