{
  "feature_names": [
    "pd",
    "sz",
    "fq",
    "sd",
    "p2",
    "id",
    "i2",
    "ie"
  ],
  "n_features": 8,
  "weight_scale": 10000,
  "features": [
    {
      "index": 0,
      "name": "pd",
      "n_bins": 10,
      "bin_edges": [
        53122893,
        119013042,
        120286131,
        121487523,
        123008747,
        128378773,
        249265084,
        505863345,
        525085609
      ],
      "weights_float": [
        1.2533464431762695,
        1.1999611854553223,
        1.1022604703903198,
        1.1100027561187744,
        0.9437741041183472,
        0.9515807032585144,
        -0.29315441846847534,
        -1.2195329666137695,
        -1.3406636714935303,
        -1.8865994215011597
      ],
      "weights_int": [
        12533,
        11999,
        11022,
        11100,
        9437,
        9515,
        -2931,
        -12195,
        -13406,
        -18865
      ]
    },
    {
      "index": 1,
      "name": "sz",
      "n_bins": 10,
      "bin_edges": [
        7892,
        11344,
        13855,
        16025,
        20378,
        24952,
        29735,
        36677,
        48329
      ],
      "weights_float": [
        0.022506844252347946,
        -0.019812503829598427,
        0.0074622659012675285,
        -0.010357039980590343,
        0.17377370595932007,
        0.2239590287208557,
        0.2038838118314743,
        0.17773202061653137,
        0.1480124294757843,
        -0.23003613948822021
      ],
      "weights_int": [
        225,
        -198,
        74,
        -103,
        1737,
        2239,
        2038,
        1777,
        1480,
        -2300
      ]
    },
    {
      "index": 2,
      "name": "fq",
      "n_bins": 10,
      "bin_edges": [
        3836,
        4403,
        4930,
        5985,
        9179,
        12782,
        15801,
        18021,
        19513
      ],
      "weights_float": [
        -0.21320384740829468,
        -0.3985156714916229,
        -0.3388988673686981,
        -0.36331233382225037,
        -0.14408183097839355,
        -0.11746702343225479,
        0.030239589512348175,
        0.3038994371891022,
        0.35806939005851746,
        0.41984090209007263
      ],
      "weights_int": [
        -2132,
        -3985,
        -3388,
        -3633,
        -1440,
        -1174,
        302,
        3038,
        3580,
        4198
      ]
    },
    {
      "index": 3,
      "name": "sd",
      "n_bins": 3,
      "bin_edges": [
        1,
        3
      ],
      "weights_float": [
        -0.03533528372645378,
        -0.05717940628528595,
        0.05800846964120865
      ],
      "weights_int": [
        -353,
        -571,
        580
      ]
    },
    {
      "index": 4,
      "name": "p2",
      "n_bins": 10,
      "bin_edges": [
        172676055,
        232508797,
        240794463,
        244351042,
        253334108,
        691270798,
        877463960,
        1019628079,
        1281545348
      ],
      "weights_float": [
        0.3281613290309906,
        0.3559734523296356,
        0.29552143812179565,
        0.299725741147995,
        0.34242579340934753,
        0.27574682235717773,
        -0.40301841497421265,
        -0.1099858283996582,
        -0.18129296600818634,
        -0.2705720067024231
      ],
      "weights_int": [
        3281,
        3559,
        2955,
        2997,
        3424,
        2757,
        -4030,
        -1099,
        -1812,
        -2705
      ]
    },
    {
      "index": 5,
      "name": "id",
      "n_bins": 10,
      "bin_edges": [
        2113,
        2363,
        2615,
        2916,
        3375,
        5608,
        17707,
        117550985,
        215093915
      ],
      "weights_float": [
        -0.00736233638599515,
        0.021250028163194656,
        -0.022217456251382828,
        -0.054494861513376236,
        -0.09270232915878296,
        -0.1489430069923401,
        -0.13272972404956818,
        -0.1309187263250351,
        -0.07729782164096832,
        -0.28662654757499695
      ],
      "weights_int": [
        -73,
        212,
        -222,
        -544,
        -927,
        -1489,
        -1327,
        -1309,
        -772,
        -2866
      ]
    },
    {
      "index": 6,
      "name": "i2",
      "n_bins": 10,
      "bin_edges": [
        4427,
        5048,
        5899,
        8114,
        20965,
        52814964,
        120753832,
        170550495,
        506487865
      ],
      "weights_float": [
        -0.24662186205387115,
        -0.16771073639392853,
        -0.18755154311656952,
        -0.2058251053094864,
        -0.096644826233387,
        -0.07271983474493027,
        0.06084105372428894,
        0.24171330034732819,
        -0.36106935143470764,
        0.164522185921669
      ],
      "weights_int": [
        -2466,
        -1677,
        -1875,
        -2058,
        -966,
        -727,
        608,
        2417,
        -3610,
        1645
      ]
    },
    {
      "index": 7,
      "name": "ie",
      "n_bins": 10,
      "bin_edges": [
        13933,
        18435,
        23991,
        36978,
        57131,
        67876,
        75578,
        84141,
        98334
      ],
      "weights_float": [
        0.4319235682487488,
        0.17576846480369568,
        0.0014420736115425825,
        0.013367129489779472,
        0.10552630573511124,
        0.22984349727630615,
        0.2636650502681732,
        0.23118636012077332,
        0.1990596055984497,
        0.06821461766958237
      ],
      "weights_int": [
        4319,
        1757,
        14,
        133,
        1055,
        2298,
        2636,
        2311,
        1990,
        682
      ]
    }
  ]
}